"Title","Path","Visits","Visitors"
"Full Stack Foundation Using Python 1","_posts/2015-07-25-full-stack-foundation-1.markdown","1","0"
"极简.单页","apps/homepage.md","1","0"
"Markdown Page","apps/markdown.md","1","0"
"Bitcron 活动页面","apps/morepage.md","3","0"
"简历.Page","apps/resume.md","2","0"
"Bitcron Todo","apps/todo.md","1","0"
"关于 Bitcron","bitcron/about.md","1","0"
"关于 “书写”","writting/about.md","1","0"
"df9699ba3a2e23fc667c6ee35d2013f_200_200_true_86","_cache/thumbnails/a/df9699ba3a2e23fc667c6ee35d2013f_200_200_true_86.jpg","1","0"
"76253e88a41e7b02fb96997156f0db3_200_164_true_86","_cache/thumbnails/d/76253e88a41e7b02fb96997156f0db3_200_164_true_86.jpg","1","0"
"crud-create","images/crud-create.jpg","1","0"
"database-orm-python","images/database-orm-python.jpg","1","0"
